Date,Product,Region,Customer_Type,Quantity,Price,Discount,Revenue
2024-04-11,Canvas,West,Artist,20,135.47,0.1,2438.46
2024-06-04,Scrapbooking,South,Artist,15,114.01,0.11,1522.03
2024-06-02,Scrapbooking,North,Hobbyist,44,159.33,0.04,6730.1
2024-02-18,Brushes,South,Artist,16,100.05,0.02,1568.78
2024-06-20,Brushes,West,Hobbyist,12,178.66,0.27,1565.06
2024-12-04,Canvas,North,Hobbyist,27,6.66,0.09,163.64
2024-04-10,Scrapbooking,South,Artist,49,4.43,0.28,156.29
2024-03-31,Canvas,North,Hobbyist,28,87.56,0.07,2280.06
2024-10-09,Brushes,West,Artist,21,122.93,0.13,2245.93
2024-01-16,Brushes,South,Hobbyist,27,104.85,0.15,2406.31
2024-12-14,Paint,South,Artist,3,107.34,0.2,257.62
2024-10-19,Brushes,West,Artist,13,47.33,0.0,615.29
2024-02-02,Paint,North,Artist,25,149.75,0.02,3668.88
2024-07-17,Paint,East,Artist,28,194.37,0.16,4571.58
2024-06-24,Canvas,South,Artist,21,113.07,0.27,1733.36
2024-02-17,Paint,East,Artist,28,17.97,0.2,402.53
2024-08-06,Canvas,South,Hobbyist,48,12.95,0.23,478.63
2024-08-17,Canvas,South,Artist,3,35.72,0.16,90.01
2024-04-26,Canvas,East,Artist,47,188.67,0.3,6207.24
2024-06-18,Canvas,East,Hobbyist,2,15.76,0.03,30.57
2024-01-26,Canvas,North,Hobbyist,25,1.95,0.03,47.29
2024-08-12,Paint,East,Hobbyist,46,78.84,0.28,2611.18
2024-03-17,Canvas,East,Artist,10,84.39,0.29,599.17
2024-10-11,Scrapbooking,East,Artist,2,31.86,0.2,50.98
2024-01-17,Brushes,North,Hobbyist,7,72.84,0.0,509.88
2024-04-03,Brushes,West,Hobbyist,41,98.99,0.26,3003.36
2024-02-04,Brushes,South,Artist,11,79.24,0.16,732.18
2024-08-31,Canvas,East,Hobbyist,32,50.52,0.05,1535.81
2024-03-27,Canvas,South,Artist,6,185.25,0.13,967.0
2024-01-25,Paint,South,Artist,7,93.27,0.0,652.89
2024-12-04,Brushes,North,Artist,6,152.13,0.28,657.2
2024-05-24,Brushes,North,Hobbyist,21,179.47,0.22,2939.72
2024-12-16,Scrapbooking,North,Hobbyist,9,190.64,0.2,1372.61
2024-08-18,Brushes,North,Artist,14,14.16,0.22,154.63
2024-05-15,Paint,West,Artist,11,40.18,0.18,362.42
2024-06-08,Scrapbooking,South,Hobbyist,27,190.78,0.1,4635.95
2024-11-20,Canvas,West,Hobbyist,43,11.99,0.04,494.95
2024-06-14,Paint,East,Artist,3,37.45,0.12,98.87
2024-04-02,Brushes,South,Hobbyist,21,160.26,0.24,2557.75
2024-07-09,Brushes,North,Hobbyist,26,76.68,0.05,1894.0
2024-06-18,Canvas,East,Hobbyist,36,136.6,0.19,3983.26
2024-06-03,Scrapbooking,East,Hobbyist,42,169.34,0.26,5263.09
2024-05-06,Paint,North,Hobbyist,12,153.99,0.29,1311.99
2024-10-11,Canvas,North,Artist,14,62.18,0.24,661.6
2024-06-14,Scrapbooking,East,Hobbyist,31,76.05,0.22,1838.89
2024-09-29,Scrapbooking,South,Artist,3,41.36,0.15,105.47
2024-06-19,Brushes,East,Artist,43,47.62,0.1,1842.89
2024-11-28,Scrapbooking,South,Artist,14,78.37,0.29,779.0
2024-03-14,Brushes,South,Artist,40,197.32,0.23,6077.46
2024-05-15,Scrapbooking,West,Artist,15,154.68,0.04,2227.39
2024-11-06,Paint,East,Artist,25,142.81,0.07,3320.33
2024-12-02,Canvas,North,Artist,12,8.73,0.16,88.0
2024-03-09,Brushes,West,Artist,8,137.43,0.1,989.5
2024-02-17,Scrapbooking,West,Hobbyist,26,44.17,0.17,953.19
2024-11-20,Paint,North,Artist,39,153.35,0.08,5502.2
2024-10-25,Scrapbooking,South,Artist,25,34.94,0.25,655.12
2024-11-29,Paint,East,Artist,2,79.84,0.12,140.52
2024-01-22,Brushes,West,Artist,43,136.05,0.09,5323.64
2024-03-16,Paint,South,Artist,48,12.54,0.11,535.71
2024-10-07,Scrapbooking,West,Artist,24,72.17,0.09,1576.19
2024-05-06,Canvas,North,Hobbyist,21,198.9,0.26,3090.91
2024-02-16,Canvas,East,Artist,50,107.24,0.19,4343.22
2024-07-16,Canvas,South,Hobbyist,46,98.13,0.12,3972.3
2024-08-12,Canvas,East,Artist,5,9.95,0.09,45.27
2024-01-11,Brushes,East,Artist,15,164.54,0.19,1999.16
2024-03-26,Brushes,North,Hobbyist,11,165.19,0.06,1708.06
2024-02-17,Canvas,West,Artist,49,95.55,0.13,4073.3
2024-01-25,Canvas,West,Hobbyist,17,10.13,0.18,141.21
2024-03-24,Brushes,South,Artist,46,136.59,0.25,4712.36
2024-02-25,Brushes,North,Artist,26,158.95,0.11,3678.1
2024-09-23,Scrapbooking,West,Hobbyist,29,61.06,0.12,1558.25
2024-03-31,Brushes,South,Hobbyist,42,179.23,0.14,6473.79
2024-09-25,Canvas,North,Hobbyist,9,54.41,0.22,381.96
2024-05-13,Scrapbooking,East,Artist,8,161.98,0.09,1179.21
2024-04-09,Brushes,South,Hobbyist,5,99.62,0.25,373.58
2024-08-23,Paint,South,Hobbyist,25,47.27,0.09,1075.39
2024-07-17,Brushes,South,Hobbyist,23,98.23,0.06,2123.73
2024-01-12,Paint,West,Artist,35,114.96,0.16,3379.82
2024-05-20,Scrapbooking,South,Hobbyist,11,8.47,0.03,90.37
2024-08-18,Paint,East,Hobbyist,3,146.65,0.06,413.55
2024-10-29,Canvas,West,Hobbyist,40,119.8,0.19,3881.52
2024-01-21,Canvas,North,Artist,33,178.57,0.22,4596.39
2024-07-02,Paint,North,Hobbyist,2,84.96,0.18,139.33
2024-10-01,Paint,East,Artist,46,14.65,0.18,552.6
2024-12-02,Scrapbooking,West,Hobbyist,36,65.44,0.12,2073.14
2024-02-04,Scrapbooking,East,Artist,25,39.94,0.15,848.72
2024-06-09,Paint,West,Artist,42,72.54,0.04,2924.81
2024-05-30,Brushes,South,Artist,5,194.82,0.19,789.02
2024-10-17,Brushes,North,Artist,5,56.57,0.27,206.48
2024-02-04,Brushes,North,Hobbyist,40,97.61,0.14,3357.78
2024-09-19,Brushes,South,Artist,1,164.01,0.24,124.65
2024-01-06,Canvas,West,Hobbyist,30,196.8,0.28,4250.88
2024-03-10,Scrapbooking,West,Hobbyist,34,75.64,0.09,2340.3
2024-12-09,Paint,South,Hobbyist,6,83.26,0.23,384.66
2024-12-25,Scrapbooking,South,Hobbyist,32,82.97,0.13,2309.88
2024-07-04,Canvas,West,Hobbyist,35,181.88,0.14,5474.59
2024-05-07,Paint,North,Artist,38,135.84,0.24,3923.06
2024-06-09,Scrapbooking,East,Hobbyist,18,198.45,0.12,3143.45
2024-09-07,Scrapbooking,North,Artist,35,49.15,0.11,1531.02
2024-12-15,Brushes,South,Hobbyist,21,21.36,0.16,376.79
2024-09-13,Canvas,West,Artist,27,195.19,0.05,5006.62
2024-08-20,Paint,West,Artist,12,33.42,0.13,348.9
2024-12-27,Scrapbooking,West,Hobbyist,34,90.98,0.09,2814.92
2024-01-15,Canvas,West,Artist,33,48.76,0.09,1464.26
2024-04-27,Paint,East,Artist,13,161.1,0.12,1842.98
2024-07-07,Paint,North,Hobbyist,18,174.28,0.21,2478.26
2024-01-30,Scrapbooking,North,Artist,8,64.86,0.1,466.99
2024-02-07,Brushes,South,Hobbyist,32,20.83,0.15,566.58
2024-02-05,Canvas,North,Artist,1,33.27,0.09,30.28
2024-12-12,Paint,West,Artist,32,176.2,0.19,4567.1
2024-06-18,Paint,North,Hobbyist,28,58.53,0.18,1343.85
2024-10-04,Paint,South,Hobbyist,32,44.34,0.17,1177.67
2024-07-10,Paint,North,Hobbyist,48,80.21,0.14,3311.07
2024-01-01,Paint,East,Artist,41,146.34,0.01,5939.94
2024-06-05,Scrapbooking,West,Hobbyist,2,118.79,0.26,175.81
2024-05-10,Scrapbooking,North,Hobbyist,9,109.65,0.08,907.9
2024-12-28,Scrapbooking,West,Artist,16,128.19,0.12,1804.92
2024-08-25,Canvas,South,Artist,12,111.84,0.08,1234.71
2024-05-10,Scrapbooking,North,Hobbyist,30,101.96,0.14,2630.57
2024-03-01,Canvas,East,Artist,42,71.68,0.27,2197.71
2024-07-26,Scrapbooking,West,Hobbyist,25,18.2,0.07,423.15
2024-08-11,Scrapbooking,West,Artist,16,46.01,0.07,684.63
2024-02-08,Canvas,South,Hobbyist,13,66.99,0.24,661.86
2024-07-04,Brushes,North,Hobbyist,44,27.62,0.19,984.38
2024-11-29,Paint,West,Artist,23,120.92,0.29,1974.62
2024-08-03,Brushes,East,Artist,8,136.31,0.22,850.57
2024-10-26,Brushes,East,Artist,43,120.22,0.22,4032.18
2024-05-31,Scrapbooking,East,Artist,29,17.46,0.08,465.83
2024-06-25,Scrapbooking,South,Hobbyist,50,93.75,0.14,4031.25
2024-05-11,Canvas,North,Artist,35,198.31,0.11,6177.36
2024-10-24,Paint,East,Artist,19,199.85,0.29,2695.98
2024-02-03,Scrapbooking,West,Artist,41,70.13,0.02,2817.82
2024-01-28,Paint,North,Hobbyist,48,116.19,0.27,4071.3
2024-07-20,Brushes,West,Artist,34,38.71,0.14,1131.88
2024-10-19,Paint,East,Artist,48,100.91,0.16,4068.69
2024-05-30,Brushes,North,Hobbyist,43,49.55,0.29,1512.76
2024-06-19,Scrapbooking,West,Hobbyist,32,109.45,0.12,3082.11
2024-05-16,Scrapbooking,West,Artist,46,63.51,0.13,2541.67
2024-07-30,Canvas,West,Hobbyist,13,190.21,0.3,1730.91
2024-03-28,Scrapbooking,East,Artist,35,53.37,0.3,1307.56
2024-10-23,Canvas,West,Hobbyist,46,127.73,0.07,5464.29
2024-09-13,Paint,North,Hobbyist,21,88.53,0.23,1431.53
2024-01-04,Canvas,West,Hobbyist,8,189.87,0.23,1169.6
2024-02-02,Scrapbooking,South,Hobbyist,25,23.73,0.17,492.4
2024-01-10,Brushes,West,Artist,32,159.53,0.15,4339.22
2024-05-01,Brushes,West,Hobbyist,13,13.46,0.12,153.98
2024-06-19,Brushes,South,Artist,19,13.08,0.02,243.55
2024-06-20,Canvas,West,Hobbyist,10,63.16,0.23,486.33
2024-09-26,Paint,South,Hobbyist,19,74.97,0.24,1082.57
2024-04-14,Brushes,East,Artist,39,93.19,0.25,2725.81
2024-03-12,Scrapbooking,East,Artist,21,15.43,0.11,288.39
2024-08-15,Brushes,West,Hobbyist,35,32.56,0.09,1037.04
2024-11-14,Scrapbooking,South,Artist,9,167.41,0.08,1386.15
2024-03-29,Canvas,West,Hobbyist,13,13.03,0.19,137.21
2024-11-25,Scrapbooking,North,Hobbyist,45,136.15,0.11,5452.81
2024-11-22,Canvas,North,Artist,45,89.92,0.22,3156.19
2024-07-14,Paint,South,Artist,35,180.22,0.1,5676.93
2024-06-28,Brushes,West,Hobbyist,21,68.41,0.05,1364.78
2024-04-05,Scrapbooking,East,Artist,7,90.14,0.18,517.4
2024-11-06,Canvas,East,Artist,24,139.85,0.29,2383.04
2024-10-08,Canvas,South,Hobbyist,7,106.0,0.24,563.92
2024-11-15,Canvas,South,Hobbyist,34,169.34,0.2,4606.05
2024-05-16,Paint,South,Artist,42,80.48,0.0,3380.16
2024-01-13,Brushes,South,Artist,50,19.53,0.19,790.96
2024-09-25,Scrapbooking,West,Artist,45,144.72,0.26,4819.18
2024-01-27,Scrapbooking,North,Artist,43,42.27,0.24,1381.38
2024-10-31,Scrapbooking,East,Hobbyist,11,76.68,0.0,843.48
2024-10-25,Scrapbooking,East,Artist,48,49.53,0.19,1925.73
2024-06-28,Brushes,West,Artist,50,168.43,0.14,7242.49
2024-08-21,Scrapbooking,North,Artist,43,186.14,0.29,5682.85
2024-11-26,Canvas,East,Hobbyist,41,112.64,0.17,3833.14
2024-11-16,Brushes,North,Hobbyist,40,114.52,0.03,4443.38
2024-02-28,Canvas,South,Hobbyist,2,122.34,0.07,227.55
2024-05-06,Canvas,North,Artist,14,27.11,0.17,315.02
2024-08-31,Canvas,East,Hobbyist,27,122.35,0.18,2708.83
2024-02-09,Scrapbooking,North,Artist,34,33.6,0.26,845.38
2024-05-05,Paint,West,Hobbyist,12,56.42,0.21,534.86
2024-05-21,Canvas,South,Hobbyist,46,20.32,0.25,701.04
2024-10-18,Scrapbooking,East,Hobbyist,1,115.06,0.21,90.9
2024-10-02,Paint,North,Hobbyist,45,187.51,0.1,7594.15
2024-04-12,Canvas,North,Hobbyist,8,156.44,0.12,1101.34
2024-10-17,Canvas,East,Hobbyist,6,120.64,0.11,644.22
2024-07-11,Brushes,West,Hobbyist,7,185.04,0.18,1062.13
2024-03-10,Canvas,North,Hobbyist,35,34.51,0.21,954.2
2024-11-27,Brushes,North,Hobbyist,23,153.64,0.0,3533.72
2024-06-08,Paint,West,Artist,3,111.39,0.21,263.99
2024-06-14,Brushes,East,Artist,12,57.88,0.22,541.76
2024-08-21,Scrapbooking,West,Hobbyist,35,27.96,0.16,822.02
2024-06-16,Scrapbooking,West,Hobbyist,31,131.63,0.16,3427.65
2024-12-31,Scrapbooking,North,Artist,10,99.44,0.04,954.62
2024-01-21,Canvas,North,Hobbyist,20,71.32,0.11,1269.5
2024-10-10,Brushes,East,Hobbyist,11,148.95,0.23,1261.61
2024-10-17,Canvas,East,Hobbyist,37,18.32,0.02,664.28
2024-11-22,Brushes,East,Artist,19,138.51,0.14,2263.25
2024-12-15,Canvas,East,Artist,43,196.3,0.16,7090.36
2024-11-17,Scrapbooking,North,Hobbyist,29,37.85,0.01,1086.67
2024-04-30,Paint,East,Hobbyist,42,109.51,0.01,4553.43
2024-07-22,Scrapbooking,West,Hobbyist,35,149.4,0.04,5019.84
2024-02-17,Paint,East,Artist,38,114.63,0.25,3266.96
2024-01-28,Brushes,West,Hobbyist,32,31.7,0.08,933.25
2024-12-15,Scrapbooking,South,Hobbyist,35,149.73,0.1,4716.5
2024-07-26,Paint,West,Hobbyist,3,36.8,0.05,104.88
2024-11-09,Canvas,West,Artist,28,194.58,0.08,5012.38
2024-10-16,Brushes,East,Hobbyist,11,26.66,0.3,205.28
2024-12-23,Scrapbooking,West,Artist,38,187.36,0.11,6336.52
2024-12-30,Paint,South,Artist,6,130.87,0.29,557.51
2024-01-04,Scrapbooking,West,Artist,9,72.0,0.03,628.56
2024-10-05,Scrapbooking,South,Artist,2,191.14,0.16,321.12
2024-06-18,Paint,West,Hobbyist,31,101.18,0.18,2572.0
2024-06-11,Brushes,South,Artist,14,162.2,0.0,2270.8
2024-11-12,Brushes,North,Artist,9,140.39,0.24,960.27
2024-08-05,Scrapbooking,North,Hobbyist,19,143.66,0.01,2702.24
2024-11-13,Paint,South,Artist,6,144.32,0.05,822.62
2024-09-28,Paint,North,Hobbyist,7,106.3,0.01,736.66
2024-09-28,Brushes,East,Hobbyist,14,102.68,0.02,1408.77
2024-03-26,Paint,South,Artist,33,68.68,0.01,2243.78
2024-07-23,Scrapbooking,West,Hobbyist,34,119.72,0.04,3907.66
2024-08-09,Paint,North,Artist,47,79.76,0.24,2849.03
2024-03-19,Brushes,South,Artist,23,151.98,0.21,2761.48
2024-11-04,Brushes,East,Hobbyist,14,167.26,0.18,1920.14
2024-05-02,Canvas,North,Hobbyist,33,144.47,0.11,4243.08
2024-06-02,Scrapbooking,South,Hobbyist,44,100.05,0.06,4138.07
2024-05-24,Brushes,North,Artist,1,107.62,0.27,78.56
2024-09-03,Brushes,North,Hobbyist,4,79.16,0.25,237.48
2024-01-08,Scrapbooking,East,Hobbyist,50,132.18,0.13,5749.83
2024-04-12,Brushes,South,Hobbyist,30,20.47,0.02,601.82
2024-06-06,Paint,South,Artist,48,185.4,0.12,7831.3
2024-03-12,Canvas,East,Artist,20,145.64,0.08,2679.78
2024-11-07,Canvas,North,Artist,44,180.46,0.04,7622.63
2024-12-17,Paint,East,Hobbyist,50,156.68,0.13,6815.58
2024-12-11,Paint,South,Artist,26,115.62,0.07,2795.69
2024-01-31,Scrapbooking,South,Artist,32,24.98,0.29,567.55
2024-03-12,Paint,West,Hobbyist,47,4.63,0.16,182.79
2024-08-14,Brushes,East,Artist,25,98.74,0.16,2073.54
2024-02-03,Scrapbooking,South,Hobbyist,43,163.42,0.17,5832.46
2024-06-07,Brushes,West,Artist,34,18.39,0.1,562.73
2024-02-14,Canvas,East,Artist,14,108.79,0.24,1157.53
2024-06-15,Canvas,West,Hobbyist,46,113.75,0.06,4918.55
2024-09-14,Canvas,West,Artist,44,183.31,0.04,7743.01
2024-02-29,Canvas,South,Hobbyist,6,130.88,0.27,573.25
2024-03-20,Paint,West,Hobbyist,7,36.95,0.17,214.68
2024-10-26,Paint,South,Hobbyist,15,169.95,0.25,1911.94
2024-01-05,Brushes,South,Hobbyist,49,65.83,0.2,2580.54
2024-08-03,Scrapbooking,East,Hobbyist,35,143.24,0.23,3860.32
2024-07-05,Scrapbooking,East,Hobbyist,36,153.02,0.13,4792.59
2024-05-08,Paint,North,Hobbyist,44,83.68,0.03,3571.46
2024-08-11,Brushes,West,Artist,49,45.94,0.04,2161.02
2024-03-01,Brushes,East,Artist,11,43.01,0.24,359.56
2024-06-29,Canvas,West,Artist,47,98.27,0.1,4156.82
2024-10-25,Canvas,East,Hobbyist,15,195.88,0.07,2732.53
2024-09-24,Paint,North,Artist,10,108.45,0.01,1073.66
2024-08-01,Paint,East,Hobbyist,5,66.61,0.23,256.45
2024-08-27,Canvas,East,Hobbyist,34,3.29,0.24,85.01
2024-05-16,Brushes,North,Hobbyist,25,162.66,0.08,3741.18
2024-09-08,Canvas,West,Artist,27,42.0,0.03,1099.98
2024-04-14,Paint,West,Hobbyist,16,170.48,0.03,2645.85
2024-01-11,Canvas,North,Hobbyist,32,163.13,0.27,3810.72
2024-08-22,Paint,North,Artist,14,99.96,0.08,1287.48
2024-11-16,Canvas,South,Artist,47,98.68,0.0,4637.96
2024-07-04,Scrapbooking,East,Artist,39,119.48,0.23,3587.98
2024-09-14,Canvas,West,Artist,31,137.52,0.08,3922.07
2024-07-26,Brushes,South,Artist,19,83.6,0.1,1429.56
2024-04-29,Brushes,East,Hobbyist,26,101.49,0.16,2216.54
2024-06-24,Brushes,South,Hobbyist,19,159.54,0.03,2940.32
2024-10-19,Canvas,West,Hobbyist,43,158.81,0.06,6419.1
2024-08-02,Canvas,West,Artist,46,74.64,0.08,3158.76
2024-05-23,Scrapbooking,East,Artist,25,198.92,0.2,3978.4
2024-02-28,Scrapbooking,East,Hobbyist,22,32.19,0.08,651.53
2024-07-13,Brushes,North,Hobbyist,5,159.04,0.04,763.39
2024-10-07,Scrapbooking,North,Hobbyist,37,70.48,0.09,2373.06
2024-09-08,Paint,North,Hobbyist,50,20.65,0.19,836.32
2024-02-09,Brushes,South,Artist,24,15.34,0.07,342.39
2024-09-12,Canvas,West,Hobbyist,23,123.82,0.28,2050.46
2024-02-09,Canvas,North,Hobbyist,39,98.42,0.03,3723.23
2024-02-11,Canvas,East,Hobbyist,25,38.26,0.02,937.37
2024-03-29,Canvas,South,Artist,44,105.58,0.17,3855.78
2024-10-17,Brushes,South,Artist,4,11.76,0.1,42.34
2024-11-22,Canvas,East,Hobbyist,39,67.74,0.25,1981.39
2024-10-04,Paint,South,Hobbyist,46,64.63,0.17,2467.57
2024-12-03,Canvas,East,Artist,49,112.36,0.07,5120.25
2024-07-11,Brushes,North,Hobbyist,9,146.43,0.12,1159.73
2024-06-16,Brushes,South,Hobbyist,40,159.08,0.01,6299.57
2024-02-23,Canvas,East,Artist,33,40.43,0.17,1107.38
2024-10-10,Scrapbooking,West,Artist,2,87.8,0.24,133.46
2024-05-12,Scrapbooking,North,Artist,36,188.31,0.1,6101.24
2024-10-14,Brushes,South,Artist,47,186.83,0.02,8605.39
2024-12-28,Canvas,North,Hobbyist,15,12.11,0.1,163.48
2024-02-14,Brushes,North,Artist,9,49.75,0.11,398.5
2024-03-01,Canvas,North,Hobbyist,27,85.32,0.03,2234.53
2024-08-04,Scrapbooking,West,Artist,1,54.48,0.21,43.04
2024-05-15,Paint,North,Artist,16,139.88,0.2,1790.46
2024-08-13,Scrapbooking,North,Hobbyist,23,47.53,0.09,994.8
2024-02-05,Scrapbooking,North,Artist,17,193.67,0.24,2502.22
2024-08-28,Paint,North,Artist,21,37.29,0.12,689.12
2024-06-21,Brushes,East,Artist,5,198.66,0.14,854.24
2024-03-08,Canvas,South,Artist,25,150.79,0.23,2902.71
2024-03-19,Brushes,West,Hobbyist,44,190.96,0.14,7225.93
2024-12-04,Canvas,South,Artist,30,73.9,0.17,1840.11
2024-12-04,Brushes,South,Hobbyist,29,25.7,0.11,663.32
2024-07-01,Scrapbooking,North,Artist,10,153.91,0.06,1446.75
2024-01-22,Paint,East,Hobbyist,11,40.02,0.21,347.77
2024-06-25,Paint,West,Hobbyist,7,181.41,0.12,1117.49
2024-09-02,Paint,South,Hobbyist,15,97.76,0.07,1363.75
2024-06-22,Canvas,North,Artist,14,156.12,0.24,1661.12
2024-02-13,Scrapbooking,West,Artist,22,181.53,0.08,3674.17
2024-03-23,Brushes,South,Hobbyist,6,88.55,0.28,382.54
2024-08-13,Scrapbooking,North,Artist,50,132.39,0.11,5891.36
2024-01-09,Brushes,West,Artist,49,117.59,0.1,5185.72
2024-05-06,Paint,West,Hobbyist,25,46.81,0.3,819.18
2024-08-19,Scrapbooking,West,Artist,33,86.63,0.2,2287.03
2024-03-22,Paint,East,Hobbyist,31,157.37,0.04,4683.33
2024-11-29,Scrapbooking,West,Hobbyist,1,122.45,0.06,115.1
2024-04-12,Canvas,West,Hobbyist,23,31.18,0.29,509.17
2024-11-25,Paint,South,Hobbyist,23,110.37,0.18,2081.58
2024-10-02,Canvas,South,Hobbyist,5,182.53,0.22,711.87
2024-09-17,Scrapbooking,West,Hobbyist,22,24.59,0.25,405.74
2024-05-10,Paint,South,Hobbyist,9,18.25,0.22,128.12
2024-10-12,Scrapbooking,West,Hobbyist,25,192.89,0.02,4725.8
2024-04-30,Brushes,West,Artist,22,39.91,0.23,676.08
2024-09-18,Canvas,West,Artist,46,12.9,0.26,439.12
2024-01-10,Brushes,West,Hobbyist,11,140.3,0.07,1435.27
2024-12-15,Scrapbooking,South,Hobbyist,2,66.0,0.02,129.36
2024-08-24,Paint,North,Hobbyist,17,58.52,0.22,775.98
2024-03-06,Scrapbooking,East,Hobbyist,43,48.12,0.15,1758.79
2024-01-22,Paint,West,Hobbyist,27,34.19,0.05,876.97
2024-11-11,Brushes,East,Hobbyist,44,141.6,0.02,6105.79
2024-12-01,Canvas,North,Hobbyist,3,34.37,0.12,90.74
2024-04-25,Paint,West,Artist,12,56.11,0.16,565.59
2024-03-11,Canvas,West,Artist,12,158.82,0.24,1448.44
2024-06-02,Paint,North,Hobbyist,42,25.91,0.15,924.99
2024-04-22,Paint,South,Hobbyist,16,81.57,0.25,978.84
2024-05-23,Canvas,South,Artist,3,93.22,0.28,201.36
2024-02-04,Canvas,East,Hobbyist,41,153.73,0.17,5231.43
2024-03-14,Brushes,East,Hobbyist,18,107.4,0.19,1565.89
2024-04-21,Scrapbooking,West,Hobbyist,13,105.1,0.09,1243.33
2024-08-03,Canvas,West,Artist,47,181.0,0.07,7911.51
2024-08-07,Scrapbooking,East,Hobbyist,19,173.84,0.1,2972.66
2024-03-06,Scrapbooking,South,Artist,32,121.62,0.23,2996.72
2024-05-26,Canvas,North,Hobbyist,28,148.96,0.04,4004.04
2024-12-28,Paint,South,Artist,20,164.05,0.04,3149.76
2024-05-12,Paint,West,Hobbyist,39,94.55,0.11,3281.83
2024-03-10,Canvas,South,Hobbyist,41,112.17,0.16,3863.13
2024-03-21,Paint,South,Hobbyist,28,128.97,0.02,3538.94
2024-03-29,Canvas,North,Hobbyist,14,80.05,0.15,952.6
2024-06-23,Brushes,South,Hobbyist,13,35.73,0.1,418.04
2024-10-03,Paint,East,Hobbyist,5,121.69,0.28,438.08
2024-05-31,Brushes,West,Hobbyist,37,165.32,0.15,5199.31
2024-05-31,Canvas,West,Hobbyist,4,18.89,0.25,56.67
2024-08-15,Scrapbooking,East,Artist,25,145.46,0.16,3054.66
2024-03-22,Canvas,North,Hobbyist,19,179.26,0.05,3235.64
2024-02-07,Paint,North,Artist,9,195.15,0.24,1334.83
2024-11-17,Canvas,West,Hobbyist,35,81.95,0.09,2610.11
2024-07-03,Paint,North,Artist,12,120.9,0.04,1392.77
2024-01-01,Brushes,West,Hobbyist,37,11.12,0.08,378.52
2024-05-18,Canvas,East,Artist,45,140.62,0.03,6138.06
2024-01-13,Scrapbooking,West,Hobbyist,44,91.45,0.1,3621.42
2024-03-22,Brushes,East,Artist,7,186.36,0.14,1121.89
2024-08-27,Scrapbooking,West,Hobbyist,20,121.85,0.0,2437.0
2024-04-08,Scrapbooking,East,Hobbyist,1,88.21,0.2,70.57
2024-09-16,Paint,West,Hobbyist,6,144.57,0.18,711.28
2024-10-08,Paint,South,Artist,14,145.44,0.02,1995.44
2024-11-16,Canvas,North,Artist,44,155.81,0.25,5141.73
2024-03-26,Paint,North,Hobbyist,5,199.87,0.14,859.44
2024-04-19,Brushes,South,Hobbyist,33,180.88,0.29,4238.02
2024-08-01,Canvas,South,Hobbyist,18,187.97,0.16,2842.11
2024-04-05,Paint,South,Artist,5,96.78,0.08,445.19
2024-08-13,Scrapbooking,West,Artist,10,161.89,0.29,1149.42
2024-05-28,Scrapbooking,West,Hobbyist,10,112.64,0.18,923.65
2024-05-26,Paint,South,Artist,32,190.38,0.26,4508.2
2024-01-19,Canvas,East,Artist,12,108.07,0.14,1115.28
2024-12-31,Scrapbooking,South,Hobbyist,4,122.65,0.02,480.79
2024-04-09,Paint,East,Hobbyist,41,159.91,0.03,6359.62
2024-05-28,Canvas,North,Hobbyist,19,90.67,0.15,1464.32
2024-04-24,Brushes,North,Hobbyist,30,124.66,0.01,3702.4
2024-11-10,Scrapbooking,South,Hobbyist,37,88.03,0.2,2605.69
2024-04-04,Paint,South,Artist,9,181.19,0.12,1435.02
2024-01-27,Scrapbooking,South,Artist,28,196.16,0.14,4723.53
2024-09-22,Brushes,West,Artist,42,92.54,0.08,3575.75
2024-06-30,Scrapbooking,South,Hobbyist,22,5.5,0.24,91.96
2024-04-03,Scrapbooking,North,Hobbyist,32,8.24,0.02,258.41
2024-04-29,Paint,South,Hobbyist,24,15.43,0.07,344.4
2024-02-28,Brushes,West,Artist,40,115.24,0.11,4102.54
2024-05-20,Scrapbooking,South,Artist,47,86.26,0.0,4054.22
2024-03-28,Canvas,East,Artist,8,25.86,0.09,188.26
2024-01-22,Scrapbooking,West,Hobbyist,27,117.2,0.2,2531.52
2024-07-02,Brushes,South,Hobbyist,16,53.2,0.28,612.86
2024-07-13,Scrapbooking,North,Artist,14,177.51,0.3,1739.6
2024-01-25,Paint,North,Artist,39,97.89,0.25,2863.28
2024-09-14,Paint,West,Hobbyist,33,159.41,0.02,5155.32
2024-11-06,Canvas,South,Hobbyist,6,88.76,0.15,452.68
2024-10-23,Brushes,South,Hobbyist,45,197.03,0.01,8777.69
2024-03-06,Brushes,South,Artist,26,92.23,0.23,1846.44
2024-08-01,Paint,East,Hobbyist,5,168.14,0.14,723.0
2024-04-09,Canvas,South,Artist,42,15.31,0.24,488.7
2024-09-08,Brushes,North,Hobbyist,6,54.01,0.23,249.53
2024-11-23,Scrapbooking,North,Artist,35,146.41,0.19,4150.72
2024-05-06,Scrapbooking,South,Hobbyist,49,174.07,0.05,8102.96
2024-01-23,Brushes,South,Artist,7,21.71,0.23,117.02
2024-09-18,Scrapbooking,East,Artist,8,80.02,0.25,480.12
2024-08-18,Brushes,South,Artist,29,6.32,0.09,166.78
2024-10-07,Scrapbooking,South,Artist,36,30.81,0.23,854.05
2024-05-26,Paint,North,Hobbyist,41,159.6,0.21,5169.44
2024-05-01,Paint,South,Artist,38,164.23,0.06,5866.3
2024-10-11,Scrapbooking,North,Artist,38,148.75,0.09,5143.78
2024-02-23,Brushes,North,Hobbyist,26,143.07,0.05,3533.83
2024-11-27,Canvas,North,Hobbyist,1,120.12,0.08,110.51
2024-10-23,Canvas,West,Artist,47,182.17,0.09,7791.41
2024-07-26,Canvas,South,Hobbyist,2,80.56,0.29,114.4
2024-11-21,Canvas,East,Artist,36,20.39,0.15,623.93
2024-09-28,Paint,South,Hobbyist,45,172.55,0.17,6444.74
2024-06-16,Paint,East,Artist,24,195.45,0.14,4034.09
2024-09-23,Scrapbooking,North,Artist,12,85.42,0.16,861.03
2024-06-15,Brushes,West,Artist,47,71.71,0.28,2426.67
2024-04-30,Paint,West,Hobbyist,4,68.72,0.11,244.64
2024-09-24,Scrapbooking,East,Artist,11,26.96,0.02,290.63
2024-08-09,Brushes,East,Hobbyist,48,147.85,0.23,5464.54
2024-04-24,Brushes,North,Hobbyist,47,106.71,0.12,4413.53
2024-12-01,Paint,East,Hobbyist,23,15.45,0.08,326.92
2024-10-23,Paint,West,Hobbyist,30,40.34,0.08,1113.38
2024-10-22,Brushes,South,Artist,37,16.68,0.01,610.99
2024-03-15,Canvas,North,Hobbyist,17,124.69,0.29,1505.01
2024-08-22,Paint,East,Hobbyist,41,129.91,0.27,3888.21
2024-10-16,Paint,South,Hobbyist,35,85.05,0.12,2619.54
2024-03-05,Paint,South,Artist,47,116.6,0.03,5315.79
2024-07-10,Canvas,North,Hobbyist,1,62.04,0.03,60.18
2024-09-14,Paint,South,Hobbyist,44,136.89,0.03,5842.47
2024-03-23,Brushes,North,Hobbyist,8,67.22,0.2,430.21
2024-01-19,Brushes,East,Hobbyist,45,38.09,0.28,1234.12
2024-10-06,Canvas,East,Artist,50,82.37,0.24,3130.06
2024-09-09,Paint,East,Artist,41,174.97,0.01,7102.03
2024-02-13,Brushes,South,Hobbyist,4,94.5,0.11,336.42
2024-08-26,Scrapbooking,North,Hobbyist,21,117.94,0.17,2055.69
2024-12-07,Brushes,North,Artist,30,51.27,0.26,1138.19
2024-09-27,Canvas,South,Hobbyist,20,183.07,0.11,3258.65
2024-07-22,Brushes,East,Artist,6,112.38,0.1,606.85
2024-01-30,Brushes,North,Hobbyist,22,109.04,0.2,1919.1
2024-01-28,Scrapbooking,West,Hobbyist,8,143.2,0.2,916.48
2024-06-10,Scrapbooking,East,Hobbyist,11,191.75,0.28,1518.66
2024-03-19,Paint,East,Hobbyist,9,126.64,0.02,1116.96
2024-01-12,Canvas,West,Artist,4,25.84,0.06,97.16
2024-10-03,Scrapbooking,East,Hobbyist,39,26.97,0.2,841.46
2024-05-08,Scrapbooking,South,Hobbyist,50,75.43,0.1,3394.35
2024-01-27,Paint,East,Artist,19,121.26,0.26,1704.92
2024-05-06,Scrapbooking,North,Artist,4,149.69,0.14,514.93
2024-02-26,Scrapbooking,South,Hobbyist,11,32.77,0.28,259.54
2024-10-27,Paint,North,Artist,37,93.53,0.21,2733.88
2024-10-19,Scrapbooking,South,Artist,40,165.72,0.15,5634.48
2024-08-09,Paint,South,Artist,41,107.41,0.08,4051.51
2024-03-07,Scrapbooking,East,Hobbyist,39,71.04,0.12,2438.09
2024-06-15,Canvas,South,Artist,39,21.15,0.01,816.6
2024-10-12,Paint,South,Artist,33,152.26,0.06,4723.11
2024-12-23,Brushes,South,Artist,43,7.34,0.26,233.56
2024-03-10,Canvas,North,Artist,1,153.84,0.27,112.3
2024-03-25,Paint,North,Artist,10,150.39,0.09,1368.55
2024-05-10,Scrapbooking,West,Artist,45,112.58,0.25,3799.58
2024-02-16,Canvas,West,Artist,20,170.91,0.16,2871.29
2024-06-30,Paint,South,Hobbyist,19,182.01,0.17,2870.3
2024-11-19,Paint,East,Artist,36,44.61,0.26,1188.41
2024-11-11,Canvas,West,Hobbyist,45,130.14,0.23,4509.35
2024-03-20,Brushes,South,Artist,48,102.3,0.01,4861.3
2024-06-14,Brushes,South,Artist,41,143.51,0.1,5295.52
2024-07-20,Canvas,South,Hobbyist,43,55.58,0.1,2150.95
2024-01-12,Brushes,South,Hobbyist,46,24.08,0.06,1041.22
2024-09-22,Brushes,East,Hobbyist,28,41.69,0.02,1143.97
2024-03-21,Paint,South,Artist,32,82.63,0.13,2300.42
2024-04-01,Scrapbooking,West,Artist,50,176.73,0.15,7511.02
2024-09-19,Paint,South,Artist,50,160.9,0.07,7481.85
2024-10-16,Paint,South,Hobbyist,1,112.01,0.02,109.77
2024-02-22,Paint,East,Hobbyist,11,2.63,0.15,24.59
2024-04-27,Canvas,North,Artist,46,157.64,0.17,6018.7
2024-07-18,Canvas,East,Artist,17,107.95,0.3,1284.6
2024-07-14,Canvas,South,Hobbyist,35,184.57,0.2,5167.96
2024-11-13,Paint,South,Hobbyist,13,133.9,0.07,1618.85
2024-07-20,Brushes,East,Artist,50,92.71,0.25,3476.62
2024-09-18,Paint,West,Hobbyist,14,186.93,0.08,2407.66
2024-03-20,Scrapbooking,North,Artist,18,131.78,0.22,1850.19
2024-04-17,Brushes,East,Artist,17,152.07,0.25,1938.89
2024-06-24,Paint,South,Artist,35,29.05,0.03,986.25
2024-03-29,Paint,East,Artist,19,189.69,0.29,2558.92
2024-06-24,Brushes,West,Artist,43,33.64,0.22,1128.29
2024-01-27,Canvas,West,Hobbyist,28,181.6,0.18,4169.54
2024-06-27,Canvas,South,Artist,2,65.81,0.27,96.08
2024-11-07,Canvas,East,Artist,45,71.94,0.23,2492.72
2024-08-15,Canvas,West,Artist,31,17.62,0.24,415.13
2024-10-19,Brushes,South,Artist,11,175.96,0.19,1567.8
2024-04-06,Canvas,East,Hobbyist,4,29.82,0.27,87.07
2024-06-26,Paint,East,Artist,8,31.32,0.27,182.91
2024-01-25,Paint,North,Artist,20,85.53,0.23,1317.16
2024-10-17,Brushes,South,Artist,25,142.93,0.01,3537.52
2024-01-09,Brushes,East,Hobbyist,50,37.25,0.25,1396.88
2024-11-23,Brushes,East,Artist,15,77.54,0.08,1070.05
2024-11-07,Brushes,East,Hobbyist,13,174.93,0.02,2228.61
2024-06-24,Canvas,South,Hobbyist,38,150.49,0.29,4060.22
2024-10-31,Brushes,South,Hobbyist,21,189.69,0.02,3903.82
2024-05-26,Scrapbooking,East,Hobbyist,34,44.81,0.21,1203.6
2024-04-28,Scrapbooking,West,Artist,16,55.59,0.05,844.97
2024-02-01,Scrapbooking,North,Hobbyist,4,19.8,0.02,77.62
2024-10-22,Paint,West,Artist,38,94.51,0.01,3555.47
2024-10-10,Scrapbooking,West,Artist,48,116.2,0.01,5521.82
2024-01-03,Paint,East,Artist,36,41.26,0.25,1114.02
2024-03-19,Canvas,North,Hobbyist,41,32.49,0.1,1198.88
2024-01-25,Canvas,North,Hobbyist,5,91.07,0.19,368.83
2024-06-11,Scrapbooking,South,Artist,43,57.08,0.22,1914.46
2024-05-07,Scrapbooking,East,Artist,31,32.66,0.27,739.1
2024-08-19,Brushes,East,Hobbyist,49,8.92,0.14,375.89
2024-11-10,Scrapbooking,West,Artist,18,41.67,0.03,727.56
2024-05-22,Paint,East,Hobbyist,15,111.6,0.25,1255.5
2024-07-24,Canvas,South,Artist,21,85.64,0.13,1564.64
2024-06-20,Canvas,North,Artist,26,182.23,0.14,4074.66
2024-12-05,Paint,East,Artist,34,5.49,0.21,147.46
2024-12-14,Canvas,West,Hobbyist,37,180.37,0.28,4805.06
2024-01-20,Brushes,South,Artist,38,11.19,0.22,331.67
2024-10-18,Canvas,South,Artist,46,156.13,0.25,5386.48
2024-10-01,Brushes,South,Hobbyist,17,8.55,0.05,138.08
2024-02-05,Scrapbooking,South,Hobbyist,34,22.08,0.2,600.58
2024-05-19,Scrapbooking,North,Artist,50,5.72,0.09,260.26
2024-06-27,Canvas,South,Artist,48,185.68,0.07,8288.76
2024-03-30,Paint,North,Artist,44,177.28,0.19,6318.26
2024-02-15,Canvas,West,Hobbyist,37,197.21,0.13,6348.19
2024-11-21,Canvas,South,Artist,26,172.07,0.03,4339.61
2024-04-25,Paint,North,Artist,16,63.16,0.09,919.61
2024-02-02,Canvas,East,Artist,28,97.91,0.16,2302.84
2024-07-12,Brushes,West,Hobbyist,6,179.53,0.11,958.69
2024-08-30,Paint,West,Artist,42,185.55,0.14,6702.07
2024-11-06,Scrapbooking,West,Hobbyist,49,178.68,0.03,8492.66
2024-03-19,Brushes,South,Hobbyist,13,102.02,0.15,1127.32
2024-09-21,Scrapbooking,West,Hobbyist,2,179.85,0.15,305.74
2024-04-19,Paint,South,Hobbyist,1,62.92,0.09,57.26
2024-02-22,Paint,West,Artist,33,153.65,0.12,4462.0
2024-01-17,Paint,East,Artist,47,133.49,0.21,4956.48
2024-11-28,Canvas,South,Hobbyist,16,132.15,0.25,1585.8
2024-05-25,Brushes,East,Hobbyist,15,82.94,0.2,995.28
2024-05-29,Canvas,West,Hobbyist,14,43.6,0.14,524.94
2024-11-08,Scrapbooking,West,Hobbyist,35,138.35,0.09,4406.45
2024-08-13,Scrapbooking,South,Hobbyist,40,16.47,0.17,546.8
2024-08-24,Brushes,South,Hobbyist,17,185.96,0.03,3066.48
2024-01-02,Brushes,North,Hobbyist,12,51.05,0.29,434.95
2024-03-11,Paint,North,Hobbyist,40,125.18,0.22,3905.62
2024-04-10,Brushes,East,Hobbyist,7,184.65,0.28,930.64
2024-08-17,Paint,East,Hobbyist,48,170.75,0.04,7868.16
2024-12-27,Paint,North,Hobbyist,49,145.92,0.13,6220.57
2024-04-04,Brushes,North,Hobbyist,46,143.58,0.09,6010.26
2024-11-30,Scrapbooking,West,Artist,28,180.48,0.14,4345.96
2024-06-21,Canvas,East,Hobbyist,47,93.46,0.05,4172.99
2024-07-10,Paint,North,Hobbyist,37,180.78,0.02,6555.08
2024-06-06,Canvas,East,Artist,41,163.06,0.15,5682.64
2024-07-05,Paint,South,Hobbyist,28,118.71,0.19,2692.34
2024-07-06,Brushes,South,Artist,17,96.26,0.23,1260.04
2024-05-08,Scrapbooking,South,Hobbyist,30,76.72,0.29,1634.14
2024-11-24,Canvas,North,Hobbyist,11,99.11,0.08,1002.99
2024-04-20,Brushes,West,Artist,2,131.3,0.2,210.08
2024-07-09,Scrapbooking,East,Hobbyist,41,42.14,0.14,1485.86
2024-03-15,Canvas,West,Artist,5,30.0,0.03,145.5
2024-12-23,Scrapbooking,West,Hobbyist,50,150.14,0.03,7281.79
2024-10-10,Brushes,North,Hobbyist,17,182.77,0.04,2982.81
2024-01-13,Canvas,West,Artist,33,199.36,0.23,5065.74
2024-11-10,Brushes,North,Hobbyist,7,69.04,0.11,430.12
2024-06-23,Canvas,East,Hobbyist,21,8.99,0.28,135.93
2024-09-13,Paint,East,Hobbyist,26,51.15,0.12,1170.31
2024-02-29,Scrapbooking,West,Hobbyist,3,143.45,0.02,421.74
2024-06-08,Paint,East,Hobbyist,25,109.79,0.01,2717.3
2024-10-29,Scrapbooking,East,Artist,22,88.73,0.05,1854.46
2024-10-02,Brushes,West,Artist,16,126.09,0.23,1553.43
2024-10-27,Scrapbooking,East,Artist,24,82.71,0.14,1707.13
2024-05-12,Scrapbooking,West,Hobbyist,24,85.64,0.14,1767.61
2024-10-31,Paint,South,Hobbyist,20,103.33,0.29,1467.29
2024-09-25,Paint,West,Hobbyist,35,14.03,0.2,392.84
2024-10-21,Scrapbooking,East,Artist,20,66.58,0.0,1331.6
2024-01-31,Brushes,North,Hobbyist,12,11.77,0.04,135.59
2024-04-26,Canvas,South,Hobbyist,6,182.38,0.26,809.77
2024-01-29,Scrapbooking,East,Hobbyist,15,145.6,0.07,2031.12
2024-02-14,Canvas,East,Artist,2,188.15,0.19,304.8
2024-11-28,Brushes,South,Artist,50,170.86,0.23,6578.11
2024-09-13,Paint,South,Artist,26,120.89,0.03,3048.85
2024-03-01,Brushes,East,Hobbyist,33,89.07,0.15,2498.41
2024-05-17,Brushes,East,Artist,46,162.59,0.07,6955.6
2024-06-01,Scrapbooking,North,Artist,29,71.09,0.14,1772.98
2024-11-08,Scrapbooking,North,Hobbyist,17,173.41,0.22,2299.42
2024-01-26,Brushes,West,Hobbyist,21,160.53,0.25,2528.35
2024-01-11,Canvas,East,Hobbyist,5,191.45,0.29,679.65
2024-02-10,Canvas,South,Artist,26,122.91,0.27,2332.83
2024-09-08,Scrapbooking,South,Hobbyist,15,156.27,0.14,2015.88
2024-01-16,Paint,West,Artist,10,1.21,0.18,9.92
2024-01-08,Scrapbooking,North,Artist,13,97.3,0.26,936.03
2024-11-12,Scrapbooking,North,Hobbyist,27,34.36,0.16,779.28
2024-09-28,Paint,South,Artist,43,147.36,0.17,5259.28
2024-01-04,Brushes,South,Artist,19,31.08,0.29,419.27
2024-07-16,Scrapbooking,West,Hobbyist,2,193.66,0.19,313.73
2024-01-18,Scrapbooking,North,Artist,44,134.82,0.09,5398.19
2024-12-05,Brushes,North,Hobbyist,5,117.29,0.11,521.94
2024-04-08,Scrapbooking,South,Hobbyist,28,85.95,0.0,2406.6
2024-03-25,Canvas,North,Artist,43,194.61,0.09,7615.09
2024-12-30,Canvas,North,Artist,40,128.75,0.1,4635.0
2024-10-04,Scrapbooking,East,Artist,43,48.07,0.01,2046.34
2024-05-29,Canvas,North,Hobbyist,22,199.34,0.14,3771.51
2024-01-24,Canvas,West,Artist,28,90.44,0.13,2203.12
2024-06-28,Paint,West,Artist,20,170.62,0.22,2661.67
2024-02-06,Scrapbooking,North,Artist,12,59.76,0.04,688.44
2024-09-08,Scrapbooking,South,Artist,30,198.81,0.07,5546.8
2024-12-03,Paint,North,Hobbyist,40,8.43,0.13,293.36
2024-04-06,Paint,East,Artist,17,114.17,0.21,1533.3
2024-08-04,Canvas,North,Hobbyist,8,17.17,0.23,105.77
2024-01-23,Scrapbooking,East,Artist,43,68.98,0.22,2313.59
2024-03-11,Brushes,West,Hobbyist,14,169.18,0.18,1942.19
2024-08-28,Canvas,North,Hobbyist,3,55.69,0.11,148.69
2024-08-10,Scrapbooking,West,Artist,24,119.57,0.01,2840.98
2024-11-04,Scrapbooking,North,Hobbyist,48,185.78,0.16,7490.65
2024-11-27,Canvas,East,Hobbyist,41,156.59,0.28,4622.54
2024-08-09,Canvas,East,Hobbyist,44,106.28,0.3,3273.42
2024-03-08,Canvas,North,Artist,17,93.72,0.16,1338.32
2024-11-13,Canvas,North,Hobbyist,21,183.97,0.01,3824.74
2024-04-22,Paint,North,Artist,24,94.39,0.08,2084.13
2024-05-31,Canvas,South,Hobbyist,12,116.33,0.0,1395.96
2024-04-15,Brushes,East,Artist,2,143.91,0.17,238.89
2024-09-01,Canvas,West,Artist,36,175.87,0.28,4558.55
2024-07-15,Canvas,East,Artist,15,11.22,0.16,141.37
2024-10-16,Scrapbooking,East,Hobbyist,29,127.86,0.21,2929.27
2024-10-12,Scrapbooking,West,Artist,11,85.11,0.19,758.33
2024-08-30,Paint,North,Artist,27,73.0,0.05,1872.45
2024-07-28,Scrapbooking,North,Hobbyist,40,198.71,0.29,5643.36
2024-01-24,Brushes,West,Hobbyist,3,126.14,0.28,272.46
2024-08-14,Canvas,North,Artist,36,5.65,0.08,187.13
2024-10-30,Scrapbooking,North,Artist,43,118.02,0.01,5024.11
2024-08-05,Canvas,East,Hobbyist,20,176.52,0.26,2612.5
2024-02-08,Paint,East,Hobbyist,34,166.94,0.04,5448.92
2024-10-04,Scrapbooking,West,Artist,29,64.38,0.01,1848.35
2024-06-18,Scrapbooking,West,Artist,9,100.51,0.04,868.41
2024-12-07,Paint,East,Hobbyist,7,5.59,0.08,36.0
2024-01-10,Scrapbooking,East,Artist,30,29.55,0.18,726.93
2024-03-11,Canvas,South,Hobbyist,9,10.07,0.29,64.35
2024-01-04,Brushes,East,Hobbyist,2,171.73,0.19,278.2
2024-06-29,Canvas,North,Artist,45,28.33,0.15,1083.62
2024-04-12,Brushes,North,Artist,37,183.08,0.24,5148.21
2024-03-04,Brushes,West,Artist,39,133.04,0.22,4047.08
2024-02-19,Brushes,North,Artist,17,155.61,0.19,2142.75
2024-08-15,Brushes,West,Hobbyist,21,12.86,0.17,224.15
2024-01-05,Scrapbooking,North,Artist,22,138.71,0.21,2410.78
2024-07-19,Brushes,West,Artist,20,153.15,0.11,2726.07
2024-10-08,Paint,West,Hobbyist,21,92.73,0.3,1363.13
2024-02-12,Canvas,West,Hobbyist,40,39.99,0.08,1471.63
2024-04-19,Brushes,West,Hobbyist,47,10.52,0.24,375.77
2024-10-09,Canvas,South,Hobbyist,10,49.3,0.05,468.35
2024-06-01,Canvas,West,Hobbyist,29,114.96,0.15,2833.76
2024-04-20,Brushes,North,Artist,3,113.11,0.11,302.0
2024-06-15,Paint,North,Hobbyist,3,20.21,0.09,55.17
2024-07-30,Brushes,West,Hobbyist,8,37.5,0.07,279.0
2024-02-17,Paint,North,Hobbyist,28,34.46,0.05,916.64
2024-08-08,Brushes,East,Hobbyist,44,42.81,0.27,1375.06
2024-01-10,Paint,West,Artist,17,37.89,0.28,463.77
2024-01-13,Paint,West,Artist,8,88.9,0.01,704.09
2024-03-22,Scrapbooking,North,Artist,16,32.86,0.27,383.8
2024-08-30,Brushes,North,Artist,39,35.36,0.25,1034.28
2024-11-11,Canvas,East,Hobbyist,5,18.12,0.08,83.35
2024-03-24,Scrapbooking,West,Artist,32,147.86,0.12,4163.74
2024-07-10,Scrapbooking,South,Hobbyist,42,164.5,0.27,5043.57
2024-07-26,Brushes,East,Hobbyist,4,70.64,0.01,279.73
2024-08-22,Paint,North,Hobbyist,24,23.85,0.26,423.58
2024-01-07,Brushes,North,Hobbyist,25,33.23,0.24,631.37
2024-09-10,Paint,East,Hobbyist,5,166.69,0.07,775.11
2024-11-14,Paint,West,Artist,38,23.03,0.29,621.35
2024-08-29,Canvas,West,Hobbyist,50,49.31,0.23,1898.44
2024-01-16,Paint,North,Artist,12,112.48,0.15,1147.3
2024-08-02,Scrapbooking,West,Hobbyist,5,5.81,0.28,20.92
2024-12-24,Scrapbooking,West,Hobbyist,37,125.13,0.13,4027.93
2024-09-08,Canvas,West,Hobbyist,40,113.92,0.11,4055.55
2024-04-14,Paint,West,Artist,1,73.12,0.18,59.96
2024-03-23,Paint,East,Hobbyist,21,96.1,0.25,1513.57
2024-10-25,Paint,East,Artist,20,43.14,0.02,845.54
2024-11-02,Paint,West,Hobbyist,25,95.39,0.02,2337.05
2024-12-05,Scrapbooking,West,Hobbyist,39,76.67,0.28,2152.89
2024-06-28,Scrapbooking,South,Hobbyist,14,175.52,0.22,1916.68
2024-01-16,Paint,South,Artist,45,49.2,0.08,2036.88
2024-06-15,Scrapbooking,East,Artist,39,138.71,0.08,4976.91
2024-08-28,Paint,North,Artist,11,61.75,0.29,482.27
2024-03-22,Scrapbooking,North,Hobbyist,8,32.09,0.02,251.59
2024-02-07,Canvas,East,Hobbyist,8,71.94,0.11,512.21
2024-06-01,Brushes,South,Hobbyist,10,11.86,0.05,112.67
2024-04-18,Brushes,North,Hobbyist,8,119.69,0.05,909.64
2024-09-25,Brushes,North,Artist,49,192.53,0.21,7452.84
2024-08-04,Scrapbooking,South,Artist,14,134.11,0.06,1764.89
2024-03-28,Scrapbooking,North,Artist,13,22.21,0.09,262.74
2024-01-16,Scrapbooking,East,Hobbyist,23,53.36,0.04,1178.19
2024-02-14,Brushes,West,Hobbyist,18,164.64,0.2,2370.82
2024-02-24,Canvas,West,Artist,26,144.55,0.23,2893.89
2024-04-19,Brushes,South,Artist,18,49.64,0.02,875.65
2024-02-22,Scrapbooking,East,Hobbyist,14,185.26,0.04,2489.89
2024-03-01,Scrapbooking,West,Hobbyist,6,104.29,0.05,594.45
2024-12-06,Scrapbooking,East,Hobbyist,30,154.52,0.08,4264.75
2024-02-10,Canvas,South,Hobbyist,1,150.63,0.02,147.62
2024-04-01,Brushes,North,Artist,1,160.04,0.14,137.63
2024-06-20,Paint,East,Hobbyist,21,181.33,0.09,3465.22
2024-10-09,Paint,East,Artist,50,169.29,0.06,7956.63
2024-04-22,Paint,West,Hobbyist,47,133.28,0.14,5387.18
2024-12-28,Brushes,South,Artist,7,61.22,0.15,364.26
2024-08-14,Brushes,South,Artist,36,94.14,0.1,3050.14
2024-04-16,Paint,North,Artist,37,163.52,0.17,5021.7
2024-12-07,Scrapbooking,North,Hobbyist,23,31.28,0.14,618.72
2024-09-05,Paint,South,Hobbyist,14,14.89,0.2,166.77
2024-12-02,Brushes,West,Hobbyist,43,178.56,0.25,5758.56
2024-11-03,Paint,South,Hobbyist,22,126.42,0.03,2697.8
2024-07-20,Canvas,North,Hobbyist,27,10.23,0.25,207.16
2024-04-21,Canvas,North,Artist,19,74.65,0.18,1163.05
2024-09-19,Brushes,West,Hobbyist,14,195.34,0.16,2297.2
2024-09-09,Brushes,West,Artist,33,177.81,0.23,4518.15
2024-05-28,Canvas,North,Hobbyist,8,174.6,0.18,1145.38
2024-05-10,Scrapbooking,East,Artist,29,151.15,0.22,3419.01
2024-03-12,Scrapbooking,East,Artist,16,2.86,0.24,34.78
2024-03-07,Canvas,North,Artist,27,175.46,0.06,4453.17
2024-12-04,Brushes,East,Hobbyist,31,159.85,0.09,4509.37
2024-12-07,Paint,South,Artist,11,67.16,0.06,694.43
2024-07-08,Paint,South,Hobbyist,10,70.97,0.02,695.51
2024-02-22,Paint,East,Hobbyist,22,128.44,0.14,2430.08
2024-01-22,Scrapbooking,South,Hobbyist,24,68.44,0.24,1248.35
2024-03-16,Scrapbooking,East,Hobbyist,47,134.28,0.19,5112.04
2024-06-11,Brushes,South,Artist,37,136.18,0.21,3980.54
2024-10-25,Brushes,South,Artist,42,155.33,0.19,5284.33
2024-07-15,Canvas,East,Hobbyist,43,182.3,0.23,6035.95
2024-01-02,Canvas,North,Artist,43,22.54,0.04,930.45
2024-02-28,Brushes,North,Artist,28,84.39,0.03,2292.03
2024-07-28,Canvas,North,Artist,30,144.02,0.13,3758.92
2024-11-28,Brushes,South,Artist,2,18.8,0.19,30.46
2024-11-17,Scrapbooking,East,Artist,48,170.29,0.09,7438.27
2024-07-16,Scrapbooking,South,Artist,4,149.12,0.12,524.9
2024-03-13,Paint,North,Artist,36,177.9,0.17,5315.65
2024-10-20,Brushes,South,Hobbyist,11,64.95,0.22,557.27
2024-10-27,Brushes,North,Artist,44,111.07,0.05,4642.73
2024-12-21,Canvas,East,Artist,19,181.96,0.05,3284.38
2024-06-25,Paint,South,Artist,14,141.08,0.19,1599.85
2024-11-18,Paint,South,Hobbyist,5,64.31,0.06,302.26
2024-12-27,Brushes,North,Artist,8,48.35,0.13,336.52
2024-08-23,Brushes,West,Artist,26,122.35,0.11,2831.18
2024-11-05,Brushes,West,Hobbyist,3,3.49,0.1,9.42
2024-08-08,Brushes,West,Artist,18,24.61,0.04,425.26
2024-12-01,Brushes,East,Artist,9,141.18,0.28,914.85
2024-12-09,Paint,West,Artist,16,49.58,0.29,563.23
2024-01-26,Scrapbooking,North,Artist,41,60.45,0.12,2181.04
2024-09-19,Scrapbooking,South,Artist,21,128.95,0.27,1976.8
2024-03-25,Scrapbooking,West,Artist,36,119.92,0.11,3842.24
2024-06-07,Canvas,West,Artist,37,198.53,0.2,5876.49
2024-09-29,Scrapbooking,South,Hobbyist,3,149.72,0.19,363.82
2024-02-16,Brushes,North,Hobbyist,8,29.78,0.22,185.83
2024-03-19,Paint,East,Artist,30,178.83,0.14,4613.81
2024-06-01,Scrapbooking,West,Hobbyist,26,105.44,0.12,2412.47
2024-01-12,Paint,East,Artist,46,94.22,0.28,3120.57
2024-07-06,Scrapbooking,East,Hobbyist,43,75.81,0.08,2999.04
2024-05-21,Paint,North,Hobbyist,4,57.57,0.16,193.44
2024-02-15,Scrapbooking,West,Artist,34,139.42,0.18,3887.03
2024-04-27,Paint,South,Artist,25,30.84,0.27,562.83
2024-12-02,Brushes,West,Hobbyist,30,169.08,0.17,4210.09
2024-11-05,Scrapbooking,South,Hobbyist,42,63.59,0.1,2403.7
2024-07-29,Canvas,South,Hobbyist,12,66.67,0.02,784.04
2024-03-28,Brushes,North,Hobbyist,22,75.43,0.02,1626.27
2024-03-05,Scrapbooking,West,Hobbyist,50,50.78,0.1,2285.1
2024-07-31,Canvas,South,Hobbyist,37,66.82,0.27,1804.81
2024-05-29,Scrapbooking,West,Artist,49,29.18,0.16,1201.05
2024-12-08,Canvas,South,Artist,25,142.85,0.07,3321.26
2024-10-13,Canvas,North,Hobbyist,39,57.39,0.08,2059.15
2024-07-01,Canvas,South,Artist,5,194.51,0.19,787.77
2024-04-27,Paint,East,Artist,41,145.58,0.3,4178.15
2024-07-29,Scrapbooking,West,Artist,32,113.93,0.12,3208.27
2024-02-21,Brushes,West,Hobbyist,49,130.09,0.16,5354.5
2024-08-04,Scrapbooking,East,Hobbyist,28,93.0,0.01,2577.96
2024-12-25,Scrapbooking,East,Artist,14,133.24,0.06,1753.44
2024-01-27,Scrapbooking,South,Artist,15,86.93,0.02,1277.87
2024-04-09,Paint,East,Hobbyist,22,151.36,0.28,2397.54
2024-10-28,Scrapbooking,East,Artist,25,49.92,0.03,1210.56
2024-03-01,Brushes,North,Hobbyist,20,134.73,0.1,2425.14
2024-08-13,Scrapbooking,South,Hobbyist,43,153.8,0.06,6216.6
2024-03-06,Paint,North,Artist,23,145.29,0.23,2573.09
2024-12-24,Paint,East,Artist,24,58.5,0.1,1263.6
2024-09-26,Canvas,South,Hobbyist,4,110.35,0.29,313.39
2024-09-22,Brushes,North,Hobbyist,18,47.51,0.05,812.42
2024-12-10,Scrapbooking,South,Hobbyist,30,159.18,0.12,4202.35
2024-08-13,Scrapbooking,East,Hobbyist,47,81.67,0.17,3185.95
2024-04-19,Canvas,South,Hobbyist,48,160.14,0.18,6303.11
2024-08-30,Canvas,East,Hobbyist,11,16.47,0.2,144.94
2024-04-12,Paint,East,Artist,43,55.82,0.14,2064.22
2024-04-20,Scrapbooking,East,Hobbyist,45,54.75,0.18,2020.28
2024-06-02,Brushes,North,Artist,46,167.34,0.19,6235.09
2024-10-18,Brushes,East,Artist,33,160.09,0.01,5230.14
2024-12-01,Brushes,South,Artist,49,141.61,0.15,5898.06
2024-10-29,Brushes,North,Artist,10,191.43,0.07,1780.3
2024-09-12,Paint,North,Artist,20,15.52,0.03,301.09
2024-11-20,Brushes,North,Artist,19,2.46,0.24,35.52
2024-05-26,Scrapbooking,West,Artist,4,37.35,0.15,126.99
2024-04-30,Canvas,West,Artist,9,131.27,0.11,1051.47
2024-03-29,Paint,South,Hobbyist,45,194.47,0.16,7350.97
2024-03-20,Scrapbooking,North,Artist,8,152.74,0.22,953.1
2024-06-01,Canvas,South,Hobbyist,36,30.94,0.27,813.1
2024-11-01,Paint,South,Artist,5,137.16,0.28,493.78
2024-02-16,Canvas,East,Artist,25,67.42,0.04,1618.08
2024-08-19,Brushes,North,Hobbyist,41,32.98,0.2,1081.74
2024-08-19,Scrapbooking,North,Hobbyist,34,18.26,0.28,447.0
2024-01-10,Canvas,East,Hobbyist,4,179.44,0.18,588.56
2024-10-10,Scrapbooking,North,Hobbyist,6,61.08,0.23,282.19
2024-08-12,Paint,West,Hobbyist,19,111.46,0.3,1482.42
2024-06-16,Paint,East,Artist,10,146.28,0.1,1316.52
2024-07-21,Scrapbooking,North,Hobbyist,14,144.06,0.05,1916.0
2024-02-05,Paint,North,Artist,29,95.4,0.14,2379.28
2024-06-05,Scrapbooking,West,Artist,48,18.94,0.17,754.57
2024-03-09,Scrapbooking,West,Artist,13,12.23,0.29,112.88
2024-10-11,Brushes,North,Artist,1,61.81,0.01,61.19
2024-03-15,Canvas,East,Hobbyist,23,74.88,0.19,1395.01
2024-04-04,Paint,North,Hobbyist,21,108.97,0.28,1647.63
2024-02-27,Brushes,East,Artist,24,80.97,0.26,1438.03
2024-06-27,Brushes,South,Hobbyist,22,33.31,0.07,681.52
2024-04-10,Canvas,East,Hobbyist,34,87.43,0.15,2526.73
2024-10-05,Paint,South,Hobbyist,49,163.89,0.28,5782.04
2024-03-29,Canvas,South,Artist,9,73.2,0.09,599.51
2024-04-05,Brushes,North,Hobbyist,42,145.48,0.12,5376.94
2024-08-06,Scrapbooking,West,Hobbyist,38,167.35,0.21,5023.85
2024-05-27,Scrapbooking,East,Hobbyist,13,19.73,0.19,207.76
2024-01-16,Brushes,West,Hobbyist,38,60.27,0.24,1740.6
2024-07-01,Scrapbooking,East,Hobbyist,39,167.72,0.16,5494.51
2024-05-31,Paint,North,Artist,13,23.6,0.03,297.6
2024-07-13,Canvas,North,Artist,14,15.47,0.06,203.59
2024-03-03,Paint,West,Artist,4,150.29,0.08,553.07
2024-11-20,Brushes,West,Hobbyist,1,38.02,0.2,30.42
2024-04-07,Scrapbooking,West,Hobbyist,43,74.31,0.17,2652.12
2024-02-03,Paint,West,Hobbyist,47,12.01,0.26,417.71
2024-07-01,Brushes,South,Hobbyist,39,193.32,0.03,7313.3
2024-04-24,Scrapbooking,West,Artist,4,158.94,0.02,623.04
2024-01-04,Brushes,East,Artist,45,179.49,0.18,6623.18
2024-02-24,Canvas,North,Hobbyist,37,153.41,0.12,4995.03
2024-01-26,Paint,North,Hobbyist,3,59.06,0.28,127.57
2024-07-06,Brushes,West,Hobbyist,29,169.6,0.25,3688.8
2024-02-07,Paint,West,Artist,38,171.79,0.25,4896.01
2024-03-10,Paint,North,Artist,34,144.7,0.26,3640.65
2024-01-09,Canvas,East,Artist,44,130.29,0.14,4930.17
2024-02-20,Scrapbooking,West,Artist,11,125.91,0.21,1094.16
2024-11-14,Paint,South,Artist,10,16.33,0.14,140.44
2024-09-26,Scrapbooking,North,Hobbyist,19,198.16,0.14,3237.93
2024-01-09,Scrapbooking,East,Artist,31,151.68,0.08,4325.91
2024-06-28,Paint,North,Hobbyist,39,96.04,0.24,2846.63
2024-09-30,Paint,South,Artist,29,160.41,0.08,4279.74
2024-03-29,Brushes,North,Hobbyist,23,78.52,0.24,1372.53
2024-11-14,Scrapbooking,North,Hobbyist,11,31.93,0.12,309.08
2024-09-24,Scrapbooking,West,Hobbyist,8,124.06,0.02,972.63
2024-09-09,Scrapbooking,East,Artist,49,67.65,0.19,2685.03
2024-05-07,Scrapbooking,South,Artist,43,148.94,0.13,5571.85
2024-09-11,Paint,North,Artist,42,149.25,0.03,6080.44
2024-10-03,Canvas,West,Hobbyist,47,192.51,0.12,7962.21
2024-02-28,Scrapbooking,West,Hobbyist,37,129.02,0.01,4726.0
2024-03-09,Paint,West,Hobbyist,3,119.72,0.04,344.79
2024-12-03,Paint,East,Artist,6,184.98,0.24,843.51
2024-06-22,Brushes,West,Hobbyist,1,110.83,0.16,93.1
2024-03-28,Paint,South,Hobbyist,41,125.31,0.2,4110.17
2024-12-10,Brushes,South,Artist,50,109.32,0.06,5138.04
2024-03-26,Paint,West,Hobbyist,12,60.59,0.04,698.0
2024-10-03,Paint,North,Artist,23,169.51,0.04,3742.78
2024-05-10,Canvas,South,Artist,1,44.31,0.29,31.46
2024-09-03,Canvas,South,Artist,29,31.23,0.03,878.5
2024-03-13,Brushes,North,Hobbyist,45,9.21,0.27,302.55
2024-10-31,Scrapbooking,West,Hobbyist,21,72.57,0.26,1127.74
2024-01-24,Scrapbooking,West,Artist,24,43.58,0.14,899.49
2024-09-10,Brushes,East,Artist,30,116.5,0.05,3320.25
2024-07-03,Canvas,West,Hobbyist,33,180.68,0.13,5187.32
2024-07-12,Scrapbooking,West,Hobbyist,7,31.96,0.14,192.4
2024-07-12,Brushes,East,Artist,49,23.73,0.05,1104.63
2024-03-07,Canvas,East,Artist,19,72.0,0.11,1217.52
2024-07-07,Paint,South,Artist,23,166.02,0.09,3474.8
2024-04-14,Paint,West,Hobbyist,38,146.96,0.3,3909.14
2024-09-23,Scrapbooking,East,Artist,18,1.39,0.28,18.01
2024-08-26,Scrapbooking,East,Hobbyist,34,35.12,0.12,1050.79
2024-05-04,Paint,West,Artist,41,120.32,0.19,3995.83
2024-09-10,Canvas,East,Hobbyist,36,143.95,0.18,4249.4
2024-01-18,Scrapbooking,South,Hobbyist,45,96.66,0.21,3436.26
2024-10-05,Brushes,West,Artist,32,8.95,0.02,280.67
2024-12-09,Brushes,North,Artist,38,80.6,0.06,2879.03
2024-01-30,Brushes,East,Hobbyist,23,117.8,0.17,2248.8
2024-08-03,Brushes,North,Hobbyist,34,31.14,0.11,942.3
2024-11-20,Brushes,East,Hobbyist,7,129.23,0.09,823.2
2024-10-27,Brushes,North,Hobbyist,1,163.07,0.13,141.87
2024-11-03,Scrapbooking,East,Hobbyist,4,109.39,0.15,371.93
2024-09-09,Scrapbooking,West,Hobbyist,26,136.55,0.15,3017.76
2024-08-10,Canvas,North,Artist,21,100.52,0.27,1540.97
2024-08-18,Canvas,West,Hobbyist,27,38.16,0.29,731.53
2024-03-05,Canvas,South,Artist,28,190.05,0.15,4523.19
2024-09-20,Canvas,West,Hobbyist,46,163.88,0.12,6633.86
2024-02-09,Paint,South,Artist,25,104.5,0.14,2246.75
2024-08-04,Scrapbooking,West,Artist,11,116.54,0.01,1269.12
2024-06-28,Brushes,East,Artist,7,191.65,0.27,979.33
2024-01-12,Scrapbooking,West,Hobbyist,50,23.73,0.27,866.14
2024-01-30,Paint,South,Hobbyist,18,42.42,0.21,603.21
2024-03-11,Brushes,South,Artist,12,76.36,0.03,888.83
2024-02-22,Canvas,South,Artist,20,74.22,0.14,1276.58
2024-11-04,Brushes,West,Hobbyist,47,27.85,0.16,1099.52
2024-07-06,Brushes,West,Artist,21,89.28,0.03,1818.63
2024-09-14,Paint,West,Hobbyist,30,180.86,0.18,4449.16
2024-09-21,Canvas,West,Artist,23,169.28,0.19,3153.69
2024-06-01,Canvas,West,Artist,36,8.29,0.07,277.55
2024-01-04,Scrapbooking,South,Artist,27,74.63,0.08,1853.81
2024-09-17,Scrapbooking,North,Hobbyist,27,85.93,0.19,1879.29
2024-06-25,Scrapbooking,South,Hobbyist,11,126.07,0.19,1123.28
2024-10-07,Scrapbooking,South,Hobbyist,20,159.39,0.23,2454.61
2024-12-09,Brushes,West,Artist,33,127.78,0.07,3921.57
2024-03-31,Scrapbooking,East,Artist,34,72.41,0.02,2412.7
2024-11-08,Scrapbooking,North,Artist,35,100.57,0.09,3203.15
2024-07-22,Paint,North,Artist,30,119.29,0.22,2791.39
2024-05-25,Brushes,East,Artist,50,115.68,0.03,5610.48
2024-02-10,Scrapbooking,East,Artist,41,146.11,0.18,4912.22
2024-08-17,Brushes,West,Artist,20,128.82,0.13,2241.47
2024-03-30,Scrapbooking,South,Hobbyist,46,149.88,0.03,6687.65
2024-01-29,Scrapbooking,North,Artist,19,113.87,0.19,1752.46
2024-04-25,Scrapbooking,South,Hobbyist,39,159.43,0.1,5595.99
2024-02-06,Paint,North,Hobbyist,29,119.75,0.2,2778.2
2024-02-01,Canvas,South,Artist,43,168.38,0.18,5937.08
2024-05-05,Scrapbooking,West,Artist,34,129.37,0.16,3694.81
2024-07-12,Scrapbooking,West,Hobbyist,17,145.37,0.03,2397.15
2024-07-27,Brushes,North,Hobbyist,18,10.0,0.15,153.0
2024-05-04,Scrapbooking,East,Hobbyist,8,33.84,0.28,194.92
2024-06-07,Scrapbooking,West,Hobbyist,13,194.39,0.26,1870.03
2024-09-13,Brushes,West,Hobbyist,29,183.8,0.15,4530.67
2024-09-19,Paint,South,Hobbyist,29,116.85,0.11,3015.9
2024-05-02,Scrapbooking,West,Hobbyist,3,170.25,0.21,403.49
2024-06-24,Scrapbooking,East,Hobbyist,33,164.29,0.07,5042.06
2024-10-02,Canvas,West,Hobbyist,18,73.82,0.1,1195.88
2024-04-18,Canvas,West,Artist,7,3.05,0.01,21.14
2024-12-22,Paint,West,Hobbyist,2,188.56,0.18,309.24
2024-11-17,Brushes,East,Hobbyist,22,50.87,0.04,1074.37
2024-01-09,Brushes,North,Hobbyist,15,196.76,0.17,2449.66
2024-10-13,Brushes,South,Hobbyist,24,165.86,0.16,3343.74
2024-09-05,Brushes,North,Hobbyist,29,57.85,0.02,1644.1
2024-12-13,Brushes,East,Hobbyist,44,133.15,0.17,4862.64
2024-08-28,Paint,South,Artist,29,68.24,0.25,1484.22
2024-07-29,Paint,North,Artist,21,57.01,0.0,1197.21
2024-04-22,Paint,West,Hobbyist,30,106.94,0.14,2759.05
2024-01-29,Paint,East,Hobbyist,32,13.97,0.23,344.22
2024-10-14,Canvas,East,Artist,18,27.19,0.25,367.06
2024-09-30,Scrapbooking,South,Artist,1,41.25,0.07,38.36
2024-08-27,Canvas,North,Hobbyist,13,144.36,0.04,1801.61
2024-04-17,Canvas,South,Artist,3,181.85,0.0,545.55
2024-03-24,Paint,South,Hobbyist,29,174.67,0.14,4356.27
2024-07-22,Paint,West,Hobbyist,2,61.52,0.16,103.35
2024-05-16,Paint,West,Hobbyist,47,33.73,0.23,1220.69
2024-02-28,Paint,West,Artist,13,16.93,0.16,184.88
2024-08-03,Paint,South,Artist,17,13.53,0.24,174.81
2024-03-21,Paint,East,Hobbyist,25,40.85,0.29,725.09
2024-03-04,Canvas,South,Hobbyist,48,183.61,0.26,6521.83
2024-02-28,Brushes,East,Artist,26,157.22,0.04,3924.21
2024-10-17,Paint,North,Hobbyist,35,173.02,0.21,4784.0
2024-12-18,Canvas,North,Hobbyist,16,28.05,0.11,399.43
2024-03-10,Scrapbooking,East,Hobbyist,34,188.27,0.06,6017.11
2024-06-16,Brushes,East,Artist,29,38.67,0.17,930.79
2024-04-02,Canvas,West,Hobbyist,18,116.48,0.22,1635.38
2024-10-06,Canvas,East,Hobbyist,12,135.01,0.14,1393.3
2024-08-01,Canvas,South,Artist,29,156.63,0.09,4133.47
2024-09-12,Scrapbooking,East,Hobbyist,21,42.55,0.09,813.13
2024-03-15,Canvas,South,Artist,6,89.92,0.07,501.75
2024-02-24,Canvas,East,Artist,6,55.43,0.01,329.25
2024-02-19,Scrapbooking,East,Artist,1,19.15,0.27,13.98
2024-08-02,Brushes,South,Artist,47,164.55,0.23,5955.06
2024-04-17,Scrapbooking,South,Hobbyist,15,140.3,0.05,1999.28
2024-11-06,Scrapbooking,East,Artist,28,177.1,0.23,3818.28
2024-01-13,Brushes,East,Hobbyist,23,128.91,0.19,2401.59
2024-03-21,Scrapbooking,West,Artist,21,137.63,0.09,2630.11
2024-03-13,Paint,West,Hobbyist,15,29.37,0.04,422.93
2024-11-12,Paint,East,Artist,29,57.26,0.29,1178.98
2024-12-11,Scrapbooking,West,Hobbyist,44,141.15,0.16,5216.9
2024-04-04,Canvas,South,Artist,25,134.61,0.24,2557.59
2024-07-19,Scrapbooking,West,Hobbyist,16,195.67,0.04,3005.49
2024-09-10,Brushes,North,Hobbyist,26,76.86,0.02,1958.39
2024-01-26,Brushes,North,Hobbyist,12,49.28,0.02,579.53
2024-06-25,Scrapbooking,North,Hobbyist,45,57.23,0.12,2266.31
2024-10-12,Paint,North,Hobbyist,1,15.41,0.08,14.18
2024-01-17,Canvas,East,Hobbyist,47,8.51,0.28,287.98
2024-05-22,Paint,North,Hobbyist,22,32.4,0.02,698.54
2024-04-27,Paint,West,Hobbyist,1,86.25,0.19,69.86
2024-06-14,Scrapbooking,East,Hobbyist,16,146.71,0.05,2229.99
2024-08-28,Brushes,South,Hobbyist,27,66.85,0.24,1371.76
2024-03-28,Scrapbooking,East,Hobbyist,26,46.05,0.1,1077.57
2024-07-04,Paint,West,Artist,6,10.68,0.25,48.06
2024-09-03,Canvas,West,Hobbyist,21,109.23,0.29,1628.62
2024-07-19,Paint,North,Artist,45,141.83,0.16,5361.17
2024-06-22,Canvas,North,Artist,18,8.5,0.1,137.7
2024-08-22,Brushes,North,Artist,34,44.88,0.08,1403.85
2024-12-20,Canvas,East,Artist,47,175.35,0.12,7252.48
2024-01-28,Paint,South,Artist,34,52.04,0.11,1574.73
2024-10-13,Canvas,West,Hobbyist,32,36.08,0.17,958.28
2024-06-20,Scrapbooking,East,Hobbyist,30,64.99,0.12,1715.74
2024-12-02,Brushes,West,Hobbyist,27,170.04,0.14,3948.33
2024-04-02,Canvas,South,Artist,44,21.28,0.18,767.78
2024-06-16,Brushes,South,Artist,27,5.11,0.15,117.27
2024-03-13,Brushes,North,Hobbyist,37,50.44,0.1,1679.65
2024-11-06,Paint,East,Artist,11,131.13,0.21,1139.52
2024-04-12,Brushes,East,Hobbyist,11,84.21,0.22,722.52
2024-06-17,Canvas,East,Hobbyist,38,38.5,0.24,1111.88
2024-07-11,Scrapbooking,South,Hobbyist,35,172.96,0.16,5085.02
2024-02-15,Canvas,North,Artist,35,77.28,0.26,2001.55
2024-10-04,Paint,North,Artist,48,59.16,0.19,2300.14
2024-01-30,Paint,West,Hobbyist,37,156.59,0.15,4924.76
2024-07-28,Canvas,South,Artist,27,143.02,0.08,3552.62
2024-04-23,Paint,East,Artist,32,190.4,0.01,6031.87
2024-01-05,Canvas,West,Artist,45,149.68,0.3,4714.92
2024-06-28,Brushes,West,Hobbyist,34,34.26,0.14,1001.76
2024-05-19,Paint,North,Artist,49,49.53,0.24,1844.5
2024-05-06,Paint,East,Hobbyist,48,176.32,0.12,7447.76
2024-12-26,Scrapbooking,East,Artist,1,76.25,0.16,64.05
2024-06-23,Paint,East,Hobbyist,2,12.98,0.13,22.59
2024-02-11,Scrapbooking,East,Hobbyist,44,10.33,0.12,399.98
